id,city,restaurant,food_preference,food_budget,accommodation,accommodation_budget,interest,interest_budget
1,Turku,Hawaiian Restaurant,Hawaiian,100,TreeHouse,400,Historical,100
2,Turku,Finnish Restaurant,Finnish,100,Apartment,500,City,100
3,Turku,Greek Restaurant,Greek,100,Apartment,700,Military,100
4,Turku,Sri Lankan Restaurant,Sri Lankan,100,Airbnb,600,Countryside,100
5,Helsinki,Moroccan Restaurant,Moroccan,100,Hotel,300,Sporting Evets,100
6,Turku,Greek Restaurant,Greek,100,Hostel,200,Island,100
7,Helsinki,Japanese Restaurant,Japanese,100,Hotel,200,Lakeside,100
8,Turku,Bangladesi Restaurant,Bangladesi,100,Hotel,1000,Musuem,100
9,Turku,Filipino Restaurant,Filipino,100,Hotel,800,Music,100
10,Turku,Moroccan Restaurant,Moroccan,100,Lodge,200,Beach,100
11,Turku,Korean Restaurant,Korean,100,Hotel,700,Cultural,100
12,Helsinki,Spanish Restaurant,Spanish,100,Guesthouse,400,Sporting Evets,100
13,Helsinki,Vietenamese Restaurant,Vietenamese,100,Lodge,900,Desert,100
14,Turku,Malaysian Restaurant,Malaysian,100,Apartment,600,Cultural,100
15,Turku,Vietenamese Restaurant,Vietenamese,100,Apartment,300,Historical,100
16,Helsinki,Filipino Restaurant,Filipino,100,Apartment,300,Sporting Evets,100
17,Helsinki,Russian Restaurant,Russian,100,Cabin,300,Island,100
18,Turku,Mexican Restaurant,Mexican,100,Cabin,600,City,100
19,Turku,Jamaican Restaurant,Jamaican,100,Airbnb,600,Music,100
20,Helsinki,Mexican Restaurant,Mexican,100,Airbnb,200,Desert,100
21,Turku,Korean Restaurant,Korean,100,Cabin,300,Countryside,100
22,Helsinki,Vietenamese Restaurant,Vietenamese,100,TreeHouse,800,Countryside,100
23,Helsinki,Malaysian Restaurant,Malaysian,100,Airbnb,500,Artistic,100
24,Turku,Moroccan Restaurant,Moroccan,100,Inn,300,Cultural,100
25,Helsinki,Indian Restaurant,Indian,100,TreeHouse,200,Forested,100
26,Helsinki,Vietenamese Restaurant,Vietenamese,100,Guesthouse,600,Entertainment,100
27,Turku,Ithiopian Restaurant,Ithiopian,100,Hotel,400,Island,100
28,Turku,Russian Restaurant,Russian,100,Inn,1000,Mountains,100
29,Helsinki,Spanish Restaurant,Spanish,100,Cabin,500,Desert,100
30,Helsinki,Chinese Restaurant,Chinese,100,Lodge,400,Beach,100
31,Turku,Bangladesi Restaurant,Bangladesi,100,Hotel,200,Beach,100
32,Turku,Chinese Restaurant,Chinese,100,Apartment,1000,Sporting Evets,100
33,Helsinki,Jamaican Restaurant,Jamaican,100,Lodge,800,Cultural,100
34,Helsinki,Malaysian Restaurant,Malaysian,100,Cabin,600,Forested,100
35,Turku,Hawaiian Restaurant,Hawaiian,100,TreeHouse,700,Forested,100
36,Helsinki,Australian Restaurant,Australian,100,Inn,600,Lakeside,100
37,Helsinki,Vietenamese Restaurant,Vietenamese,100,Resort,1000,Sporting Evets,100
38,Helsinki,Australian Restaurant,Australian,100,Guesthouse,500,Forested,100
39,Helsinki,Filipino Restaurant,Filipino,100,Airbnb,600,Sporting Evets,100
40,Turku,Ithiopian Restaurant,Ithiopian,100,Airbnb,1000,Countryside,100
41,Turku,Greek Restaurant,Greek,100,Lodge,900,Artistic,100
42,Helsinki,Filipino Restaurant,Filipino,100,Hotel,1000,Mountains,100
43,Helsinki,Japanese Restaurant,Japanese,100,Cabin,300,Entertainment,100
44,Helsinki,Vietenamese Restaurant,Vietenamese,100,Cabin,400,Historical,100
45,Turku,Korean Restaurant,Korean,100,Resort,400,City,100
46,Helsinki,Italian Restaurant,Italian,100,Resort,800,Sporting Evets,100
47,Turku,Vietenamese Restaurant,Vietenamese,100,TreeHouse,200,Forested,100
48,Helsinki,Mexican Restaurant,Mexican,100,Cabin,300,Entertainment,100
49,Helsinki,Italian Restaurant,Italian,100,Resort,500,Forested,100
50,Helsinki,Japanese Restaurant,Japanese,100,Airbnb,200,Entertainment,100
51,Turku,Indian Restaurant,Indian,100,Hostel,300,Cultural,100
52,Turku,Moroccan Restaurant,Moroccan,100,Cabin,200,Military,100
53,Turku,Greek Restaurant,Greek,100,Airbnb,900,Historical,100
54,Turku,Sri Lankan Restaurant,Sri Lankan,100,TreeHouse,500,Mountains,100
55,Turku,Turkish Restaurant,Turkish,100,Resort,1000,Mountains,100
56,Turku,Indian Restaurant,Indian,100,Cabin,200,Sporting Evets,100
57,Helsinki,Vietenamese Restaurant,Vietenamese,100,Apartment,800,Island,100
58,Helsinki,Chinese Restaurant,Chinese,100,Apartment,1000,Religious,100
59,Helsinki,Vietenamese Restaurant,Vietenamese,100,Resort,300,Music,100
60,Helsinki,Thai Restaurant,Thai,100,Cabin,1000,Cultural,100
61,Turku,Korean Restaurant,Korean,100,Hostel,300,Military,100
62,Turku,Mexican Restaurant,Mexican,100,Lodge,200,Historical,100
63,Turku,Malaysian Restaurant,Malaysian,100,Airbnb,800,Forested,100
64,Turku,Japanese Restaurant,Japanese,100,Apartment,300,Island,100
65,Turku,Spanish Restaurant,Spanish,100,Hotel,600,Historical,100
66,Helsinki,Filipino Restaurant,Filipino,100,Airbnb,500,Religious,100
67,Helsinki,Spanish Restaurant,Spanish,100,TreeHouse,700,Historical,100
68,Turku,Swedish Restaurant,Swedish,100,Resort,900,Religious,100
69,Helsinki,Sri Lankan Restaurant,Sri Lankan,100,Resort,800,Beach,100
70,Helsinki,Greek Restaurant,Greek,100,Airbnb,900,Desert,100
71,Turku,Chinese Restaurant,Chinese,100,Guesthouse,300,Desert,100
72,Turku,Vietenamese Restaurant,Vietenamese,100,Lodge,1000,Historical,100
73,Turku,Jamaican Restaurant,Jamaican,100,Hostel,400,Forested,100
74,Helsinki,German Restaurant,German,100,Apartment,400,Music,100
75,Helsinki,Malaysian Restaurant,Malaysian,100,Guesthouse,1000,Religious,100
76,Turku,Spanish Restaurant,Spanish,100,Guesthouse,200,Countryside,100
77,Turku,Russian Restaurant,Russian,100,Cabin,200,Beach,100
78,Turku,Sri Lankan Restaurant,Sri Lankan,100,TreeHouse,400,Artistic,100
79,Helsinki,Vietenamese Restaurant,Vietenamese,100,Resort,1000,Mountains,100
80,Turku,Thai Restaurant,Thai,100,Resort,300,Beach,100
81,Helsinki,Sri Lankan Restaurant,Sri Lankan,100,Resort,300,Musuem,100
82,Turku,Jamaican Restaurant,Jamaican,100,Cabin,700,Island,100
83,Turku,Chinese Restaurant,Chinese,100,Cabin,900,Beach,100
84,Turku,Mexican Restaurant,Mexican,100,Guesthouse,1000,Island,100
85,Turku,Indian Restaurant,Indian,100,Hotel,700,Military,100
86,Turku,Indian Restaurant,Indian,100,Guesthouse,500,Military,100
87,Turku,Thai Restaurant,Thai,100,TreeHouse,500,Cultural,100
88,Helsinki,Ithiopian Restaurant,Ithiopian,100,Lodge,200,Musuem,100
89,Helsinki,Brazilian Restaurant,Brazilian,100,Guesthouse,1000,Island,100
90,Helsinki,Australian Restaurant,Australian,100,Apartment,900,Forested,100
91,Turku,Moroccan Restaurant,Moroccan,100,Lodge,300,Artistic,100
92,Turku,Spanish Restaurant,Spanish,100,Cabin,300,Musuem,100
93,Turku,Thai Restaurant,Thai,100,Cabin,300,Beach,100
94,Helsinki,Moroccan Restaurant,Moroccan,100,Cabin,900,Forested,100
95,Turku,Moroccan Restaurant,Moroccan,100,Inn,400,Island,100
96,Turku,Korean Restaurant,Korean,100,Guesthouse,700,Mountains,100
97,Helsinki,Chinese Restaurant,Chinese,100,Apartment,500,Entertainment,100
98,Helsinki,Ithiopian Restaurant,Ithiopian,100,Hotel,500,Beach,100
99,Turku,Russian Restaurant,Russian,100,Hotel,300,Entertainment,100
100,Helsinki,Indonesian Restaurant,Indonesian,100,Cabin,900,Island,100
101,Turku,Brazilian Restaurant,Brazilian,100,TreeHouse,200,Desert,100
102,Helsinki,Vietenamese Restaurant,Vietenamese,100,Hotel,600,Countryside,100
103,Helsinki,Australian Restaurant,Australian,100,Hotel,900,Forested,100
104,Turku,Chinese Restaurant,Chinese,100,Hostel,300,Entertainment,100
105,Turku,Finnish Restaurant,Finnish,100,Airbnb,600,Historical,100
106,Turku,Indian Restaurant,Indian,100,Hostel,500,Sporting Evets,100
107,Helsinki,Bangladesi Restaurant,Bangladesi,100,Guesthouse,600,Island,100
108,Helsinki,German Restaurant,German,100,Cabin,700,Historical,100
109,Turku,Australian Restaurant,Australian,100,Lodge,300,Historical,100
110,Turku,Indian Restaurant,Indian,100,Cabin,700,Religious,100
111,Turku,Italian Restaurant,Italian,100,Cabin,400,Beach,100
112,Helsinki,Chinese Restaurant,Chinese,100,Cabin,500,Mountains,100
113,Turku,Russian Restaurant,Russian,100,Cabin,800,Beach,100
114,Helsinki,Mexican Restaurant,Mexican,100,Airbnb,600,City,100
115,Turku,Indonesian Restaurant,Indonesian,100,Lodge,700,Cultural,100
116,Helsinki,Spanish Restaurant,Spanish,100,Guesthouse,300,Countryside,100
117,Helsinki,Malaysian Restaurant,Malaysian,100,Cabin,100,Desert,100
118,Turku,Brazilian Restaurant,Brazilian,100,Inn,700,Music,100
119,Turku,Ithiopian Restaurant,Ithiopian,100,Lodge,1000,Entertainment,100
120,Turku,Spanish Restaurant,Spanish,100,Resort,700,City,100
121,Helsinki,Greek Restaurant,Greek,100,Cabin,300,Island,100
122,Turku,Indian Restaurant,Indian,100,Cabin,300,Desert,100
123,Turku,Sri Lankan Restaurant,Sri Lankan,100,Airbnb,700,Desert,100
124,Turku,Australian Restaurant,Australian,100,Resort,700,Forested,100
125,Helsinki,Australian Restaurant,Australian,100,Cabin,600,Musuem,100
126,Turku,Chinese Restaurant,Chinese,100,Hostel,300,City,100
127,Turku,Ithiopian Restaurant,Ithiopian,100,Guesthouse,900,Beach,100
128,Helsinki,Australian Restaurant,Australian,100,Apartment,300,City,100
129,Turku,Finnish Restaurant,Finnish,100,Airbnb,400,Mountains,100
130,Turku,Greek Restaurant,Greek,100,Hotel,800,Mountains,100
131,Turku,Moroccan Restaurant,Moroccan,100,Hotel,200,Religious,100
132,Helsinki,Bangladesi Restaurant,Bangladesi,100,Cabin,300,Artistic,100
133,Helsinki,Australian Restaurant,Australian,100,Cabin,500,City,100
134,Helsinki,Swedish Restaurant,Swedish,100,TreeHouse,200,Musuem,100
135,Turku,Brazilian Restaurant,Brazilian,100,TreeHouse,400,Island,100
136,Turku,Italian Restaurant,Italian,100,Cabin,400,Sporting Evets,100
137,Turku,Indonesian Restaurant,Indonesian,100,Apartment,800,Musuem,100
138,Helsinki,Malaysian Restaurant,Malaysian,100,Lodge,1000,Lakeside,100
139,Turku,Indonesian Restaurant,Indonesian,100,Inn,100,Historical,100
140,Helsinki,Ithiopian Restaurant,Ithiopian,100,Resort,500,Cultural,100
141,Turku,Thai Restaurant,Thai,100,Hotel,400,Military,100
142,Turku,Swedish Restaurant,Swedish,100,Guesthouse,100,Entertainment,100
143,Turku,Turkish Restaurant,Turkish,100,Cabin,700,Sporting Evets,100
144,Turku,Chinese Restaurant,Chinese,100,Apartment,100,Musuem,100
145,Helsinki,Brazilian Restaurant,Brazilian,100,Cabin,200,Lakeside,100
146,Helsinki,Australian Restaurant,Australian,100,Cabin,600,Artistic,100
147,Helsinki,Italian Restaurant,Italian,100,Apartment,300,Mountains,100
148,Turku,Japanese Restaurant,Japanese,100,Lodge,100,City,100
149,Turku,Bangladesi Restaurant,Bangladesi,100,Airbnb,800,Historical,100
150,Helsinki,Indian Restaurant,Indian,100,Inn,800,Cultural,100
151,Turku,Mexican Restaurant,Mexican,100,Lodge,400,Sporting Evets,100
152,Helsinki,Italian Restaurant,Italian,100,Hotel,800,Beach,100
153,Helsinki,Ithiopian Restaurant,Ithiopian,100,Cabin,400,Sporting Evets,100
154,Helsinki,Australian Restaurant,Australian,100,Cabin,600,Music,100
155,Turku,German Restaurant,German,100,Hotel,1000,Music,100
156,Turku,Vietenamese Restaurant,Vietenamese,100,Cabin,300,City,100
157,Helsinki,Chinese Restaurant,Chinese,100,Resort,700,Historical,100
158,Turku,Indonesian Restaurant,Indonesian,100,Guesthouse,900,Beach,100
159,Helsinki,Hawaiian Restaurant,Hawaiian,100,Resort,700,Beach,100
160,Turku,Mexican Restaurant,Mexican,100,Cabin,1000,Artistic,100
161,Turku,Indonesian Restaurant,Indonesian,100,Cabin,900,Lakeside,100
162,Helsinki,Spanish Restaurant,Spanish,100,Lodge,300,Music,100
163,Turku,Jamaican Restaurant,Jamaican,100,Guesthouse,800,Historical,100
164,Helsinki,Mexican Restaurant,Mexican,100,TreeHouse,100,City,100
165,Turku,Bangladesi Restaurant,Bangladesi,100,Lodge,900,Mountains,100
166,Helsinki,Swedish Restaurant,Swedish,100,Hostel,400,Sporting Evets,100
167,Turku,Russian Restaurant,Russian,100,Cabin,1000,Religious,100
168,Helsinki,Sri Lankan Restaurant,Sri Lankan,100,Airbnb,400,Historical,100
169,Turku,German Restaurant,German,100,Resort,800,Desert,100
170,Helsinki,Hawaiian Restaurant,Hawaiian,100,Airbnb,1000,Countryside,100
171,Helsinki,Indonesian Restaurant,Indonesian,100,Inn,700,Historical,100
172,Helsinki,Greek Restaurant,Greek,100,Airbnb,400,Lakeside,100
173,Turku,German Restaurant,German,100,Hostel,300,Forested,100
174,Turku,Moroccan Restaurant,Moroccan,100,Inn,500,Desert,100
175,Turku,Indian Restaurant,Indian,100,Resort,1000,Music,100
176,Turku,Bangladesi Restaurant,Bangladesi,100,Hotel,200,Island,100
177,Turku,Indian Restaurant,Indian,100,Guesthouse,600,Lakeside,100
178,Turku,Chinese Restaurant,Chinese,100,Apartment,1000,Musuem,100
179,Turku,Australian Restaurant,Australian,100,Airbnb,200,Countryside,100
180,Helsinki,Bangladesi Restaurant,Bangladesi,100,Inn,1000,Cultural,100
181,Helsinki,Korean Restaurant,Korean,100,Lodge,900,Musuem,100
182,Helsinki,Japanese Restaurant,Japanese,100,Resort,1000,Religious,100
183,Turku,Indian Restaurant,Indian,100,Inn,800,Countryside,100
184,Turku,Malaysian Restaurant,Malaysian,100,Hostel,600,Military,100
185,Turku,Indian Restaurant,Indian,100,Hostel,700,Cultural,100
186,Helsinki,Mexican Restaurant,Mexican,100,Guesthouse,200,City,100
187,Turku,Turkish Restaurant,Turkish,100,Hotel,500,Entertainment,100
188,Helsinki,Greek Restaurant,Greek,100,Lodge,200,Military,100
189,Turku,Vietenamese Restaurant,Vietenamese,100,Hotel,200,Historical,100
190,Turku,Turkish Restaurant,Turkish,100,Apartment,600,Mountains,100
191,Turku,Korean Restaurant,Korean,100,Airbnb,900,Artistic,100
192,Helsinki,Russian Restaurant,Russian,100,Lodge,100,City,100
193,Turku,Thai Restaurant,Thai,100,Lodge,900,Forested,100
194,Helsinki,Swedish Restaurant,Swedish,100,Airbnb,700,Island,100
195,Helsinki,Australian Restaurant,Australian,100,TreeHouse,600,Lakeside,100
196,Turku,Mexican Restaurant,Mexican,100,Resort,600,Forested,100
197,Turku,Sri Lankan Restaurant,Sri Lankan,100,Hotel,100,Countryside,100
198,Turku,Japanese Restaurant,Japanese,100,Apartment,300,Musuem,100
199,Turku,Italian Restaurant,Italian,100,Apartment,100,Forested,100
200,Helsinki,Vietenamese Restaurant,Vietenamese,100,Inn,100,Forested,100
201,Helsinki,Thai Restaurant,Thai,100,Lodge,300,Music,100
202,Turku,Mexican Restaurant,Mexican,100,Guesthouse,900,Sporting Evets,100
203,Turku,Indian Restaurant,Indian,100,Guesthouse,700,Sporting Evets,100
204,Helsinki,Filipino Restaurant,Filipino,100,TreeHouse,100,Historical,100
205,Turku,Ithiopian Restaurant,Ithiopian,100,Resort,600,Island,100
206,Turku,Vietenamese Restaurant,Vietenamese,100,Lodge,800,Island,100
207,Helsinki,Turkish Restaurant,Turkish,100,Hotel,300,Island,100
208,Turku,Hawaiian Restaurant,Hawaiian,100,Hostel,800,Military,100
209,Helsinki,Indian Restaurant,Indian,100,Cabin,100,Military,100
210,Turku,Russian Restaurant,Russian,100,TreeHouse,700,Desert,100
211,Turku,Greek Restaurant,Greek,100,Lodge,800,Lakeside,100
212,Helsinki,Chinese Restaurant,Chinese,100,Lodge,500,Artistic,100
213,Helsinki,Moroccan Restaurant,Moroccan,100,Guesthouse,900,Forested,100
214,Helsinki,Jamaican Restaurant,Jamaican,100,Airbnb,300,Countryside,100
215,Helsinki,Vietenamese Restaurant,Vietenamese,100,Hostel,400,City,100
216,Helsinki,Mexican Restaurant,Mexican,100,Airbnb,400,Mountains,100
217,Turku,Mexican Restaurant,Mexican,100,Cabin,800,Religious,100
218,Turku,Mexican Restaurant,Mexican,100,TreeHouse,400,Desert,100
219,Helsinki,Ithiopian Restaurant,Ithiopian,100,Lodge,600,Beach,100
220,Helsinki,Hawaiian Restaurant,Hawaiian,100,Lodge,1000,Music,100
221,Turku,Mexican Restaurant,Mexican,100,TreeHouse,500,Countryside,100
222,Helsinki,German Restaurant,German,100,Lodge,800,City,100
223,Turku,Japanese Restaurant,Japanese,100,Hostel,800,Historical,100
224,Helsinki,Sri Lankan Restaurant,Sri Lankan,100,TreeHouse,200,City,100
225,Helsinki,Turkish Restaurant,Turkish,100,TreeHouse,300,Military,100
226,Turku,Turkish Restaurant,Turkish,100,TreeHouse,500,Historical,100
227,Turku,Thai Restaurant,Thai,100,Cabin,300,Beach,100
228,Turku,Ithiopian Restaurant,Ithiopian,100,TreeHouse,500,Musuem,100
229,Helsinki,Swedish Restaurant,Swedish,100,Cabin,300,Military,100
230,Helsinki,Hawaiian Restaurant,Hawaiian,100,Cabin,700,Military,100
231,Turku,German Restaurant,German,100,Guesthouse,700,Entertainment,100
232,Turku,German Restaurant,German,100,Guesthouse,300,Desert,100
233,Turku,Indian Restaurant,Indian,100,Airbnb,800,Desert,100
234,Helsinki,Russian Restaurant,Russian,100,Lodge,900,City,100
235,Turku,Ithiopian Restaurant,Ithiopian,100,Hotel,100,Forested,100
236,Turku,Vietenamese Restaurant,Vietenamese,100,Cabin,600,Historical,100
237,Turku,Japanese Restaurant,Japanese,100,Cabin,900,Island,100
238,Turku,Spanish Restaurant,Spanish,100,Inn,800,Forested,100
239,Turku,Indian Restaurant,Indian,100,Hotel,400,Sporting Evets,100
240,Turku,Thai Restaurant,Thai,100,Hostel,600,Countryside,100
241,Turku,Brazilian Restaurant,Brazilian,100,Cabin,500,Music,100
242,Helsinki,Bangladesi Restaurant,Bangladesi,100,Hotel,800,Desert,100
243,Helsinki,Chinese Restaurant,Chinese,100,Resort,600,Military,100
244,Helsinki,German Restaurant,German,100,Cabin,300,Entertainment,100
245,Turku,German Restaurant,German,100,Hostel,200,Entertainment,100
246,Helsinki,Japanese Restaurant,Japanese,100,Lodge,800,Beach,100
247,Turku,Vietenamese Restaurant,Vietenamese,100,Cabin,300,Lakeside,100
248,Helsinki,Australian Restaurant,Australian,100,Hostel,400,Artistic,100
249,Turku,Italian Restaurant,Italian,100,Resort,900,Cultural,100
250,Turku,Indonesian Restaurant,Indonesian,100,Cabin,400,Historical,100
251,Turku,Greek Restaurant,Greek,100,Cabin,100,Military,100
252,Helsinki,Hawaiian Restaurant,Hawaiian,100,Cabin,200,Beach,100
253,Helsinki,Korean Restaurant,Korean,100,TreeHouse,200,Forested,100
254,Helsinki,Finnish Restaurant,Finnish,100,Apartment,800,Forested,100
255,Turku,Thai Restaurant,Thai,100,Apartment,500,City,100
256,Turku,Swedish Restaurant,Swedish,100,Inn,400,Military,100
257,Helsinki,Sri Lankan Restaurant,Sri Lankan,100,Inn,900,Mountains,100
258,Turku,Turkish Restaurant,Turkish,100,Resort,300,Beach,100
259,Turku,Finnish Restaurant,Finnish,100,Guesthouse,900,Lakeside,100
260,Helsinki,Italian Restaurant,Italian,100,Cabin,300,Religious,100
261,Helsinki,Spanish Restaurant,Spanish,100,Hotel,100,Artistic,100
262,Helsinki,Brazilian Restaurant,Brazilian,100,Airbnb,300,Historical,100
263,Turku,Greek Restaurant,Greek,100,Resort,800,Artistic,100
264,Helsinki,Turkish Restaurant,Turkish,100,TreeHouse,700,Island,100
265,Turku,Finnish Restaurant,Finnish,100,Resort,700,Lakeside,100
266,Helsinki,Hawaiian Restaurant,Hawaiian,100,Inn,500,Desert,100
267,Helsinki,Moroccan Restaurant,Moroccan,100,TreeHouse,1000,Desert,100
268,Turku,Russian Restaurant,Russian,100,Cabin,300,Musuem,100
269,Helsinki,Korean Restaurant,Korean,100,Airbnb,1000,Cultural,100
270,Helsinki,Korean Restaurant,Korean,100,Hotel,800,Island,100
271,Helsinki,Brazilian Restaurant,Brazilian,100,Guesthouse,200,Musuem,100
272,Helsinki,Vietenamese Restaurant,Vietenamese,100,Cabin,800,Music,100
273,Helsinki,Brazilian Restaurant,Brazilian,100,Cabin,900,Cultural,100
274,Turku,Spanish Restaurant,Spanish,100,Inn,800,Desert,100
275,Helsinki,Vietenamese Restaurant,Vietenamese,100,Hotel,600,Island,100
276,Helsinki,Swedish Restaurant,Swedish,100,Hostel,900,Entertainment,100
277,Helsinki,Russian Restaurant,Russian,100,Hostel,900,Sporting Evets,100
278,Turku,Vietenamese Restaurant,Vietenamese,100,Guesthouse,600,Musuem,100
279,Helsinki,Swedish Restaurant,Swedish,100,Cabin,400,Religious,100
280,Turku,Australian Restaurant,Australian,100,Hotel,100,Musuem,100
281,Helsinki,German Restaurant,German,100,Cabin,1000,Beach,100
282,Helsinki,Mexican Restaurant,Mexican,100,Airbnb,200,Forested,100
283,Turku,Russian Restaurant,Russian,100,Cabin,500,Musuem,100
284,Turku,Thai Restaurant,Thai,100,Airbnb,600,Sporting Evets,100
285,Helsinki,Jamaican Restaurant,Jamaican,100,Lodge,800,Musuem,100
286,Turku,Russian Restaurant,Russian,100,Cabin,900,Religious,100
287,Helsinki,Mexican Restaurant,Mexican,100,Cabin,100,Forested,100
288,Helsinki,Indian Restaurant,Indian,100,Lodge,100,Sporting Evets,100
289,Turku,Russian Restaurant,Russian,100,Apartment,900,Musuem,100
290,Turku,Moroccan Restaurant,Moroccan,100,TreeHouse,600,Music,100
291,Turku,Brazilian Restaurant,Brazilian,100,TreeHouse,700,Musuem,100
292,Turku,Korean Restaurant,Korean,100,Lodge,200,Countryside,100
293,Turku,Turkish Restaurant,Turkish,100,Hostel,900,Lakeside,100
294,Turku,Mexican Restaurant,Mexican,100,Hostel,600,Island,100
295,Helsinki,Sri Lankan Restaurant,Sri Lankan,100,Inn,1000,Sporting Evets,100
296,Turku,Malaysian Restaurant,Malaysian,100,Inn,100,Lakeside,100
297,Helsinki,Thai Restaurant,Thai,100,Inn,900,Artistic,100
298,Turku,German Restaurant,German,100,Hotel,800,Music,100
299,Helsinki,Moroccan Restaurant,Moroccan,100,Hotel,900,Music,100
300,Turku,Russian Restaurant,Russian,100,Cabin,1000,Religious,100
301,Turku,Vietenamese Restaurant,Vietenamese,100,Lodge,900,Countryside,100
302,Turku,Spanish Restaurant,Spanish,100,TreeHouse,900,Forested,100
303,Helsinki,Swedish Restaurant,Swedish,100,TreeHouse,400,Lakeside,100
304,Helsinki,Filipino Restaurant,Filipino,100,Cabin,100,Forested,100
305,Helsinki,Hawaiian Restaurant,Hawaiian,100,Lodge,1000,Historical,100
306,Helsinki,Moroccan Restaurant,Moroccan,100,Hotel,300,Lakeside,100
307,Helsinki,Indian Restaurant,Indian,100,Lodge,900,Artistic,100
308,Helsinki,Turkish Restaurant,Turkish,100,Airbnb,400,Countryside,100
309,Turku,Indian Restaurant,Indian,100,Guesthouse,800,Artistic,100
310,Helsinki,Bangladesi Restaurant,Bangladesi,100,Cabin,800,Musuem,100
311,Turku,Japanese Restaurant,Japanese,100,Apartment,300,Entertainment,100
312,Turku,Italian Restaurant,Italian,100,Airbnb,500,Beach,100
313,Turku,Hawaiian Restaurant,Hawaiian,100,Resort,600,Musuem,100
314,Helsinki,Filipino Restaurant,Filipino,100,Cabin,700,Entertainment,100
315,Turku,Greek Restaurant,Greek,100,Inn,600,City,100
316,Turku,Swedish Restaurant,Swedish,100,Cabin,900,Religious,100
317,Helsinki,Jamaican Restaurant,Jamaican,100,Apartment,500,Mountains,100
318,Turku,Indonesian Restaurant,Indonesian,100,Cabin,900,Music,100
319,Helsinki,Swedish Restaurant,Swedish,100,Airbnb,300,Artistic,100
320,Helsinki,Brazilian Restaurant,Brazilian,100,Apartment,400,Artistic,100
321,Helsinki,Chinese Restaurant,Chinese,100,Cabin,300,Countryside,100
322,Turku,Malaysian Restaurant,Malaysian,100,Resort,600,Cultural,100
323,Helsinki,Mexican Restaurant,Mexican,100,Apartment,1000,Beach,100
324,Turku,Filipino Restaurant,Filipino,100,Guesthouse,500,Music,100
325,Turku,Korean Restaurant,Korean,100,Lodge,600,Sporting Evets,100
326,Turku,Mexican Restaurant,Mexican,100,Cabin,300,Countryside,100
327,Helsinki,Brazilian Restaurant,Brazilian,100,Apartment,600,Desert,100
328,Helsinki,Swedish Restaurant,Swedish,100,Apartment,300,Religious,100
329,Helsinki,Ithiopian Restaurant,Ithiopian,100,Resort,1000,Island,100
330,Helsinki,German Restaurant,German,100,Hostel,1000,Sporting Evets,100
331,Turku,Spanish Restaurant,Spanish,100,Cabin,500,City,100
332,Turku,Spanish Restaurant,Spanish,100,Guesthouse,900,Military,100
333,Turku,Japanese Restaurant,Japanese,100,Apartment,500,Sporting Evets,100
334,Helsinki,Japanese Restaurant,Japanese,100,Guesthouse,700,Forested,100
335,Turku,Italian Restaurant,Italian,100,TreeHouse,200,Entertainment,100
336,Helsinki,Hawaiian Restaurant,Hawaiian,100,Airbnb,1000,Island,100
337,Helsinki,Greek Restaurant,Greek,100,Guesthouse,500,Music,100
338,Turku,Hawaiian Restaurant,Hawaiian,100,Hotel,200,City,100
339,Turku,Korean Restaurant,Korean,100,Cabin,400,City,100
340,Turku,Russian Restaurant,Russian,100,Cabin,400,Military,100
341,Turku,Russian Restaurant,Russian,100,Hotel,700,Sporting Evets,100
342,Turku,Swedish Restaurant,Swedish,100,Inn,400,Historical,100
343,Turku,Turkish Restaurant,Turkish,100,Cabin,200,Musuem,100
344,Helsinki,Hawaiian Restaurant,Hawaiian,100,TreeHouse,800,Island,100
345,Helsinki,Vietenamese Restaurant,Vietenamese,100,Lodge,500,Entertainment,100
346,Helsinki,Mexican Restaurant,Mexican,100,Cabin,1000,Cultural,100
347,Helsinki,Spanish Restaurant,Spanish,100,Cabin,800,Island,100
348,Helsinki,Spanish Restaurant,Spanish,100,Inn,200,Artistic,100
349,Helsinki,Vietenamese Restaurant,Vietenamese,100,Airbnb,500,City,100
350,Helsinki,Japanese Restaurant,Japanese,100,Inn,400,Sporting Evets,100
351,Turku,Russian Restaurant,Russian,100,Resort,200,Beach,100
352,Turku,Italian Restaurant,Italian,100,Hotel,200,Countryside,100
353,Turku,Filipino Restaurant,Filipino,100,Hostel,600,Forested,100
354,Turku,Greek Restaurant,Greek,100,Airbnb,400,Countryside,100
355,Helsinki,Finnish Restaurant,Finnish,100,Resort,500,Island,100
356,Helsinki,Turkish Restaurant,Turkish,100,Hostel,200,Music,100
357,Helsinki,Filipino Restaurant,Filipino,100,Guesthouse,200,Historical,100
358,Helsinki,Thai Restaurant,Thai,100,Hostel,900,Cultural,100
359,Turku,Italian Restaurant,Italian,100,Cabin,600,Countryside,100
360,Helsinki,Mexican Restaurant,Mexican,100,Hotel,1000,Religious,100
361,Helsinki,Mexican Restaurant,Mexican,100,Cabin,900,Sporting Evets,100
362,Turku,German Restaurant,German,100,Resort,100,Music,100
363,Helsinki,Japanese Restaurant,Japanese,100,Hotel,500,Island,100
364,Turku,Australian Restaurant,Australian,100,TreeHouse,800,Entertainment,100
365,Turku,Jamaican Restaurant,Jamaican,100,Hotel,300,Beach,100
366,Turku,Indonesian Restaurant,Indonesian,100,Cabin,400,Beach,100
367,Turku,Australian Restaurant,Australian,100,Hotel,700,Historical,100
368,Turku,Ithiopian Restaurant,Ithiopian,100,Hotel,400,Forested,100
369,Turku,Greek Restaurant,Greek,100,Hostel,400,Sporting Evets,100
370,Helsinki,Chinese Restaurant,Chinese,100,Inn,300,Music,100
371,Turku,Mexican Restaurant,Mexican,100,Hotel,600,Countryside,100
372,Helsinki,Russian Restaurant,Russian,100,Airbnb,200,Military,100
373,Turku,Sri Lankan Restaurant,Sri Lankan,100,Inn,1000,Musuem,100
374,Helsinki,Malaysian Restaurant,Malaysian,100,Apartment,1000,Desert,100
375,Turku,Ithiopian Restaurant,Ithiopian,100,Lodge,300,Mountains,100
376,Turku,Italian Restaurant,Italian,100,Cabin,800,Music,100
377,Helsinki,Swedish Restaurant,Swedish,100,Guesthouse,1000,City,100
378,Turku,Mexican Restaurant,Mexican,100,Inn,100,Historical,100
379,Helsinki,Sri Lankan Restaurant,Sri Lankan,100,Apartment,800,Sporting Evets,100
380,Turku,Thai Restaurant,Thai,100,Inn,200,Artistic,100
381,Turku,Jamaican Restaurant,Jamaican,100,Airbnb,900,Island,100
382,Turku,Jamaican Restaurant,Jamaican,100,Resort,900,Musuem,100
383,Turku,Mexican Restaurant,Mexican,100,Inn,700,Historical,100
384,Helsinki,Italian Restaurant,Italian,100,Airbnb,900,Musuem,100
385,Helsinki,Swedish Restaurant,Swedish,100,Inn,100,Cultural,100
386,Helsinki,Turkish Restaurant,Turkish,100,Airbnb,700,Military,100
387,Helsinki,Indonesian Restaurant,Indonesian,100,Resort,500,Lakeside,100
388,Turku,Ithiopian Restaurant,Ithiopian,100,Cabin,700,City,100
389,Turku,Jamaican Restaurant,Jamaican,100,Inn,1000,City,100
390,Turku,Swedish Restaurant,Swedish,100,TreeHouse,700,Entertainment,100
391,Helsinki,Filipino Restaurant,Filipino,100,Apartment,800,City,100
392,Helsinki,Korean Restaurant,Korean,100,Guesthouse,400,Cultural,100
393,Helsinki,Greek Restaurant,Greek,100,TreeHouse,300,Beach,100
394,Helsinki,Australian Restaurant,Australian,100,Resort,700,Military,100
395,Turku,Filipino Restaurant,Filipino,100,Apartment,300,Desert,100
396,Turku,Swedish Restaurant,Swedish,100,Hotel,900,City,100
397,Turku,Sri Lankan Restaurant,Sri Lankan,100,Lodge,600,Desert,100
398,Helsinki,Finnish Restaurant,Finnish,100,TreeHouse,700,Music,100
399,Turku,Sri Lankan Restaurant,Sri Lankan,100,Airbnb,800,Lakeside,100
400,Helsinki,Greek Restaurant,Greek,100,TreeHouse,100,Music,100
401,Turku,Bangladesi Restaurant,Bangladesi,100,Hotel,700,Desert,100
402,Turku,Filipino Restaurant,Filipino,100,Hotel,300,Cultural,100
403,Helsinki,Indian Restaurant,Indian,100,TreeHouse,800,Artistic,100
404,Helsinki,Moroccan Restaurant,Moroccan,100,Cabin,1000,Beach,100
405,Helsinki,Brazilian Restaurant,Brazilian,100,Hotel,600,Countryside,100
406,Helsinki,Japanese Restaurant,Japanese,100,Cabin,500,Entertainment,100
407,Turku,Bangladesi Restaurant,Bangladesi,100,Hotel,300,City,100
408,Turku,Greek Restaurant,Greek,100,Cabin,1000,Sporting Evets,100
409,Helsinki,Thai Restaurant,Thai,100,Apartment,900,Artistic,100
410,Turku,Italian Restaurant,Italian,100,Cabin,300,Artistic,100
411,Helsinki,Finnish Restaurant,Finnish,100,Hotel,700,Sporting Evets,100
412,Turku,Indian Restaurant,Indian,100,Cabin,500,Lakeside,100
413,Helsinki,Italian Restaurant,Italian,100,Cabin,500,City,100
414,Turku,German Restaurant,German,100,Cabin,1000,Beach,100
415,Turku,Bangladesi Restaurant,Bangladesi,100,Inn,600,Military,100
416,Helsinki,Brazilian Restaurant,Brazilian,100,Apartment,300,Mountains,100
417,Helsinki,Japanese Restaurant,Japanese,100,Hotel,800,Music,100
418,Helsinki,Thai Restaurant,Thai,100,Guesthouse,700,Cultural,100
419,Helsinki,Russian Restaurant,Russian,100,Resort,400,Religious,100
420,Helsinki,Vietenamese Restaurant,Vietenamese,100,Resort,900,Musuem,100
421,Turku,German Restaurant,German,100,Cabin,500,Island,100
422,Turku,Spanish Restaurant,Spanish,100,Cabin,900,Island,100
423,Helsinki,Russian Restaurant,Russian,100,Airbnb,700,Entertainment,100
424,Turku,Australian Restaurant,Australian,100,Inn,300,City,100
425,Helsinki,Australian Restaurant,Australian,100,Guesthouse,900,City,100
426,Turku,Indian Restaurant,Indian,100,Hotel,500,Forested,100
427,Helsinki,German Restaurant,German,100,Apartment,400,Forested,100
428,Helsinki,Vietenamese Restaurant,Vietenamese,100,Inn,1000,Island,100
429,Turku,Indonesian Restaurant,Indonesian,100,Hostel,700,Military,100
430,Helsinki,Brazilian Restaurant,Brazilian,100,Airbnb,300,Musuem,100
431,Turku,Spanish Restaurant,Spanish,100,Lodge,300,Mountains,100
432,Turku,Italian Restaurant,Italian,100,TreeHouse,300,Sporting Evets,100
433,Helsinki,Hawaiian Restaurant,Hawaiian,100,Hostel,400,Desert,100
434,Helsinki,Filipino Restaurant,Filipino,100,Hostel,600,Sporting Evets,100
435,Turku,Turkish Restaurant,Turkish,100,Hostel,800,City,100
436,Helsinki,Filipino Restaurant,Filipino,100,Cabin,500,Island,100
437,Helsinki,Russian Restaurant,Russian,100,Apartment,800,Countryside,100
438,Turku,Moroccan Restaurant,Moroccan,100,Hotel,500,Artistic,100
439,Turku,Indian Restaurant,Indian,100,Hotel,400,Lakeside,100
440,Helsinki,Moroccan Restaurant,Moroccan,100,Lodge,100,Musuem,100
441,Turku,Italian Restaurant,Italian,100,Cabin,900,Historical,100
442,Turku,Ithiopian Restaurant,Ithiopian,100,Airbnb,400,Artistic,100
443,Turku,Chinese Restaurant,Chinese,100,TreeHouse,800,Historical,100
444,Turku,Korean Restaurant,Korean,100,TreeHouse,500,Music,100
445,Turku,Korean Restaurant,Korean,100,TreeHouse,400,Sporting Evets,100
446,Turku,Hawaiian Restaurant,Hawaiian,100,Lodge,300,Religious,100
447,Turku,Brazilian Restaurant,Brazilian,100,Airbnb,300,City,100
448,Helsinki,Hawaiian Restaurant,Hawaiian,100,Hotel,400,Lakeside,100
449,Helsinki,Bangladesi Restaurant,Bangladesi,100,Lodge,800,City,100
450,Turku,Australian Restaurant,Australian,100,Cabin,400,Island,100
451,Turku,Indonesian Restaurant,Indonesian,100,Inn,700,Mountains,100
452,Helsinki,Thai Restaurant,Thai,100,Hotel,500,City,100
453,Helsinki,Chinese Restaurant,Chinese,100,Cabin,1000,Military,100
454,Turku,Malaysian Restaurant,Malaysian,100,Lodge,600,Music,100
455,Helsinki,Sri Lankan Restaurant,Sri Lankan,100,Cabin,300,Sporting Evets,100
456,Turku,Australian Restaurant,Australian,100,Resort,800,Countryside,100
457,Turku,Japanese Restaurant,Japanese,100,Resort,600,Desert,100
458,Turku,Italian Restaurant,Italian,100,TreeHouse,500,Historical,100
459,Turku,Australian Restaurant,Australian,100,Resort,800,Historical,100
460,Helsinki,Italian Restaurant,Italian,100,Hotel,400,Lakeside,100
461,Turku,Bangladesi Restaurant,Bangladesi,100,Inn,900,City,100
462,Helsinki,Swedish Restaurant,Swedish,100,Apartment,700,Forested,100
463,Turku,Italian Restaurant,Italian,100,Guesthouse,300,Entertainment,100
464,Turku,Filipino Restaurant,Filipino,100,Inn,200,Beach,100
465,Turku,Turkish Restaurant,Turkish,100,Resort,600,Entertainment,100
466,Helsinki,Indonesian Restaurant,Indonesian,100,Airbnb,300,Desert,100
467,Turku,Vietenamese Restaurant,Vietenamese,100,Apartment,200,Beach,100
468,Turku,Moroccan Restaurant,Moroccan,100,TreeHouse,200,Military,100
469,Turku,Moroccan Restaurant,Moroccan,100,Hostel,200,City,100
470,Turku,Australian Restaurant,Australian,100,Airbnb,400,Military,100
471,Turku,Thai Restaurant,Thai,100,Hostel,400,City,100
472,Helsinki,Malaysian Restaurant,Malaysian,100,Cabin,500,Countryside,100
473,Helsinki,Turkish Restaurant,Turkish,100,Hotel,900,Military,100
474,Turku,Thai Restaurant,Thai,100,Cabin,100,Military,100
475,Helsinki,Brazilian Restaurant,Brazilian,100,Cabin,800,Religious,100
476,Turku,Moroccan Restaurant,Moroccan,100,Cabin,1000,Religious,100
477,Helsinki,Bangladesi Restaurant,Bangladesi,100,Cabin,1000,Sporting Evets,100
478,Helsinki,Hawaiian Restaurant,Hawaiian,100,Apartment,200,Island,100
479,Helsinki,Brazilian Restaurant,Brazilian,100,Inn,1000,Military,100
480,Turku,Vietenamese Restaurant,Vietenamese,100,Lodge,800,Forested,100
481,Turku,Filipino Restaurant,Filipino,100,Cabin,600,Military,100
482,Turku,Japanese Restaurant,Japanese,100,Apartment,1000,Historical,100
483,Turku,Greek Restaurant,Greek,100,Cabin,400,Countryside,100
484,Turku,Malaysian Restaurant,Malaysian,100,Guesthouse,500,Historical,100
485,Turku,Korean Restaurant,Korean,100,TreeHouse,200,Desert,100
486,Helsinki,Japanese Restaurant,Japanese,100,Cabin,300,Historical,100
487,Helsinki,Brazilian Restaurant,Brazilian,100,Cabin,300,Desert,100
488,Helsinki,German Restaurant,German,100,Cabin,500,Countryside,100
489,Helsinki,Brazilian Restaurant,Brazilian,100,TreeHouse,700,Entertainment,100
490,Helsinki,Finnish Restaurant,Finnish,100,Inn,400,Forested,100
491,Turku,Ithiopian Restaurant,Ithiopian,100,Inn,400,Entertainment,100
492,Turku,Vietenamese Restaurant,Vietenamese,100,Hotel,200,Mountains,100
493,Turku,Malaysian Restaurant,Malaysian,100,Resort,400,Lakeside,100
494,Turku,Italian Restaurant,Italian,100,Resort,1000,Lakeside,100
495,Helsinki,Mexican Restaurant,Mexican,100,TreeHouse,500,Entertainment,100
496,Turku,Swedish Restaurant,Swedish,100,Resort,1000,Music,100
497,Turku,Finnish Restaurant,Finnish,100,Inn,900,Historical,100
498,Turku,Spanish Restaurant,Spanish,100,Guesthouse,1000,Historical,100
499,Helsinki,Bangladesi Restaurant,Bangladesi,100,Inn,300,Countryside,100
500,Turku,Russian Restaurant,Russian,100,Airbnb,600,Mountains,100
501,Helsinki,Finnish Restaurant,Finnish,100,Cabin,300,Musuem,100
502,Helsinki,Ithiopian Restaurant,Ithiopian,100,Resort,1000,Island,100
503,Helsinki,Japanese Restaurant,Japanese,100,Cabin,700,Music,100
504,Turku,Australian Restaurant,Australian,100,Cabin,900,Musuem,100
505,Turku,Indonesian Restaurant,Indonesian,100,Airbnb,600,Mountains,100
506,Helsinki,Vietenamese Restaurant,Vietenamese,100,Cabin,300,Lakeside,100
507,Helsinki,Thai Restaurant,Thai,100,TreeHouse,1000,Lakeside,100
508,Helsinki,Indonesian Restaurant,Indonesian,100,Hostel,700,Sporting Evets,100
509,Helsinki,Finnish Restaurant,Finnish,100,Resort,600,Music,100
510,Turku,Mexican Restaurant,Mexican,100,Cabin,900,Artistic,100
511,Helsinki,Korean Restaurant,Korean,100,Airbnb,600,Music,100
512,Helsinki,Moroccan Restaurant,Moroccan,100,Cabin,300,Music,100
513,Helsinki,Bangladesi Restaurant,Bangladesi,100,Guesthouse,700,Countryside,100
514,Helsinki,Hawaiian Restaurant,Hawaiian,100,Hotel,700,Beach,100
515,Helsinki,Indian Restaurant,Indian,100,Hostel,1000,Countryside,100
516,Helsinki,Swedish Restaurant,Swedish,100,Airbnb,700,Entertainment,100
517,Helsinki,Indonesian Restaurant,Indonesian,100,TreeHouse,1000,City,100
518,Turku,Spanish Restaurant,Spanish,100,Cabin,400,Desert,100
519,Helsinki,Sri Lankan Restaurant,Sri Lankan,100,Airbnb,800,Musuem,100
520,Turku,Thai Restaurant,Thai,100,Resort,200,Musuem,100
521,Helsinki,Vietenamese Restaurant,Vietenamese,100,Guesthouse,300,Music,100
522,Turku,Turkish Restaurant,Turkish,100,TreeHouse,900,Historical,100
523,Turku,Filipino Restaurant,Filipino,100,Guesthouse,1000,City,100
524,Turku,Brazilian Restaurant,Brazilian,100,Airbnb,300,Military,100
525,Helsinki,Jamaican Restaurant,Jamaican,100,Cabin,800,Entertainment,100
526,Turku,Sri Lankan Restaurant,Sri Lankan,100,Cabin,900,City,100
527,Helsinki,Indian Restaurant,Indian,100,Resort,500,Cultural,100
528,Turku,Turkish Restaurant,Turkish,100,Cabin,700,Sporting Evets,100
529,Helsinki,Mexican Restaurant,Mexican,100,Apartment,400,Desert,100
530,Helsinki,German Restaurant,German,100,Apartment,400,Mountains,100
531,Turku,Italian Restaurant,Italian,100,Inn,100,Cultural,100
532,Turku,Hawaiian Restaurant,Hawaiian,100,Cabin,300,Entertainment,100
533,Turku,Indian Restaurant,Indian,100,Cabin,700,Artistic,100
534,Helsinki,Mexican Restaurant,Mexican,100,Inn,800,Beach,100
535,Turku,Japanese Restaurant,Japanese,100,Hotel,600,City,100
536,Helsinki,Australian Restaurant,Australian,100,Lodge,500,Cultural,100
537,Helsinki,Bangladesi Restaurant,Bangladesi,100,Apartment,1000,Entertainment,100
538,Turku,Sri Lankan Restaurant,Sri Lankan,100,Lodge,200,Musuem,100
539,Turku,Filipino Restaurant,Filipino,100,TreeHouse,400,Desert,100
540,Turku,Sri Lankan Restaurant,Sri Lankan,100,Hotel,200,Countryside,100
541,Helsinki,Thai Restaurant,Thai,100,Inn,1000,Musuem,100
542,Turku,Australian Restaurant,Australian,100,Cabin,900,Cultural,100
543,Helsinki,Japanese Restaurant,Japanese,100,Hostel,1000,Lakeside,100
544,Helsinki,Brazilian Restaurant,Brazilian,100,Hotel,800,Military,100
545,Helsinki,Greek Restaurant,Greek,100,Hotel,1000,Entertainment,100
546,Helsinki,German Restaurant,German,100,Airbnb,600,Religious,100
547,Helsinki,Bangladesi Restaurant,Bangladesi,100,Cabin,100,Entertainment,100
548,Turku,Russian Restaurant,Russian,100,Cabin,900,Musuem,100
549,Helsinki,Moroccan Restaurant,Moroccan,100,Resort,600,Lakeside,100
550,Turku,Moroccan Restaurant,Moroccan,100,Cabin,600,Artistic,100
551,Turku,Indonesian Restaurant,Indonesian,100,Cabin,900,Artistic,100
552,Turku,Thai Restaurant,Thai,100,Airbnb,500,Historical,100
553,Helsinki,Turkish Restaurant,Turkish,100,Guesthouse,1000,Beach,100
554,Turku,Malaysian Restaurant,Malaysian,100,Cabin,700,Cultural,100
555,Turku,Ithiopian Restaurant,Ithiopian,100,Apartment,800,Cultural,100
556,Turku,Indonesian Restaurant,Indonesian,100,Cabin,400,Beach,100
557,Helsinki,Korean Restaurant,Korean,100,Airbnb,900,Cultural,100
558,Turku,Indian Restaurant,Indian,100,Hostel,600,Beach,100
559,Turku,Brazilian Restaurant,Brazilian,100,Hostel,700,Island,100
560,Turku,Sri Lankan Restaurant,Sri Lankan,100,Cabin,600,Historical,100
561,Turku,Indian Restaurant,Indian,100,Cabin,700,Music,100
562,Helsinki,Jamaican Restaurant,Jamaican,100,Cabin,200,Forested,100
563,Turku,Moroccan Restaurant,Moroccan,100,Apartment,400,Sporting Evets,100
564,Helsinki,Chinese Restaurant,Chinese,100,Guesthouse,300,Religious,100
565,Turku,Bangladesi Restaurant,Bangladesi,100,Cabin,700,Artistic,100
566,Helsinki,Korean Restaurant,Korean,100,Guesthouse,900,Religious,100
567,Helsinki,Indonesian Restaurant,Indonesian,100,Guesthouse,500,Mountains,100
568,Turku,Brazilian Restaurant,Brazilian,100,Resort,100,Cultural,100
569,Helsinki,German Restaurant,German,100,Apartment,600,Lakeside,100
570,Helsinki,German Restaurant,German,100,Lodge,800,Musuem,100
571,Turku,Japanese Restaurant,Japanese,100,Apartment,300,Religious,100
572,Turku,Malaysian Restaurant,Malaysian,100,Inn,400,Cultural,100
573,Helsinki,Hawaiian Restaurant,Hawaiian,100,Hostel,600,Historical,100
574,Turku,Ithiopian Restaurant,Ithiopian,100,Inn,400,Musuem,100
575,Helsinki,Japanese Restaurant,Japanese,100,Guesthouse,700,Musuem,100
576,Helsinki,Hawaiian Restaurant,Hawaiian,100,Cabin,500,Island,100
577,Turku,Jamaican Restaurant,Jamaican,100,Cabin,600,Forested,100
578,Turku,Sri Lankan Restaurant,Sri Lankan,100,Resort,700,Lakeside,100
579,Turku,Thai Restaurant,Thai,100,Resort,500,Mountains,100
580,Turku,Vietenamese Restaurant,Vietenamese,100,Apartment,900,Artistic,100
581,Turku,Hawaiian Restaurant,Hawaiian,100,Apartment,200,Forested,100
582,Helsinki,Chinese Restaurant,Chinese,100,Lodge,100,Desert,100
583,Turku,Finnish Restaurant,Finnish,100,TreeHouse,700,Historical,100
584,Turku,Bangladesi Restaurant,Bangladesi,100,Guesthouse,500,Music,100
585,Helsinki,Turkish Restaurant,Turkish,100,Resort,600,Religious,100
586,Turku,Chinese Restaurant,Chinese,100,Resort,600,Lakeside,100
587,Turku,Italian Restaurant,Italian,100,Cabin,600,Countryside,100
588,Turku,Russian Restaurant,Russian,100,Airbnb,900,Religious,100
589,Helsinki,German Restaurant,German,100,Lodge,900,Religious,100
590,Helsinki,Russian Restaurant,Russian,100,Hostel,400,Entertainment,100
591,Turku,Indonesian Restaurant,Indonesian,100,Lodge,900,Historical,100
592,Helsinki,Jamaican Restaurant,Jamaican,100,Cabin,700,Religious,100
593,Helsinki,German Restaurant,German,100,TreeHouse,900,Religious,100
594,Turku,Hawaiian Restaurant,Hawaiian,100,TreeHouse,700,Beach,100
595,Helsinki,Mexican Restaurant,Mexican,100,Hotel,600,Musuem,100
596,Turku,Malaysian Restaurant,Malaysian,100,Cabin,400,Lakeside,100
597,Helsinki,Swedish Restaurant,Swedish,100,Airbnb,700,Historical,100
598,Helsinki,Mexican Restaurant,Mexican,100,Lodge,700,Musuem,100
599,Helsinki,Bangladesi Restaurant,Bangladesi,100,Resort,700,Mountains,100
600,Turku,Japanese Restaurant,Japanese,100,Apartment,900,City,100
601,Turku,Spanish Restaurant,Spanish,100,Hostel,800,Music,100
602,Helsinki,Finnish Restaurant,Finnish,100,Cabin,1000,Countryside,100
603,Helsinki,Finnish Restaurant,Finnish,100,Cabin,400,Desert,100
604,Turku,Malaysian Restaurant,Malaysian,100,TreeHouse,500,Entertainment,100
605,Turku,Sri Lankan Restaurant,Sri Lankan,100,Inn,700,Entertainment,100
606,Helsinki,German Restaurant,German,100,TreeHouse,200,Island,100
607,Helsinki,Jamaican Restaurant,Jamaican,100,Guesthouse,600,Sporting Evets,100
608,Turku,Indonesian Restaurant,Indonesian,100,Hotel,200,City,100
609,Turku,Finnish Restaurant,Finnish,100,Cabin,100,Beach,100
610,Turku,Moroccan Restaurant,Moroccan,100,Airbnb,800,Cultural,100
611,Helsinki,Swedish Restaurant,Swedish,100,Cabin,1000,City,100
612,Turku,Bangladesi Restaurant,Bangladesi,100,Resort,800,Sporting Evets,100
613,Turku,Turkish Restaurant,Turkish,100,Inn,500,Island,100
614,Turku,Jamaican Restaurant,Jamaican,100,Cabin,800,Military,100
615,Turku,Mexican Restaurant,Mexican,100,Lodge,900,Forested,100
616,Turku,Italian Restaurant,Italian,100,TreeHouse,900,Lakeside,100
617,Helsinki,Turkish Restaurant,Turkish,100,Airbnb,900,Musuem,100
618,Helsinki,Japanese Restaurant,Japanese,100,Cabin,400,Music,100
619,Turku,Indonesian Restaurant,Indonesian,100,TreeHouse,1000,Religious,100
620,Helsinki,Hawaiian Restaurant,Hawaiian,100,TreeHouse,700,Island,100
621,Turku,Chinese Restaurant,Chinese,100,TreeHouse,300,Beach,100
622,Helsinki,German Restaurant,German,100,Hotel,900,Cultural,100
623,Helsinki,Jamaican Restaurant,Jamaican,100,Airbnb,600,Musuem,100
624,Helsinki,Finnish Restaurant,Finnish,100,Cabin,1000,Music,100
625,Helsinki,Turkish Restaurant,Turkish,100,Guesthouse,200,Entertainment,100
626,Turku,Moroccan Restaurant,Moroccan,100,Airbnb,400,Mountains,100
627,Helsinki,Brazilian Restaurant,Brazilian,100,Resort,400,Military,100
628,Turku,Malaysian Restaurant,Malaysian,100,Apartment,300,Forested,100
629,Helsinki,Spanish Restaurant,Spanish,100,Resort,1000,City,100
630,Helsinki,Vietenamese Restaurant,Vietenamese,100,Airbnb,300,Artistic,100
631,Helsinki,Filipino Restaurant,Filipino,100,Lodge,900,Sporting Evets,100
632,Turku,Chinese Restaurant,Chinese,100,Lodge,200,Cultural,100
633,Turku,Chinese Restaurant,Chinese,100,Inn,1000,Historical,100
634,Helsinki,Jamaican Restaurant,Jamaican,100,Apartment,1000,Beach,100
635,Helsinki,Mexican Restaurant,Mexican,100,Apartment,400,Lakeside,100
636,Helsinki,Italian Restaurant,Italian,100,Lodge,700,Music,100
637,Turku,Spanish Restaurant,Spanish,100,TreeHouse,500,Sporting Evets,100
638,Helsinki,Jamaican Restaurant,Jamaican,100,Resort,100,Lakeside,100
639,Turku,Hawaiian Restaurant,Hawaiian,100,Apartment,900,Religious,100
640,Turku,Japanese Restaurant,Japanese,100,Inn,900,Beach,100
641,Turku,Hawaiian Restaurant,Hawaiian,100,Hostel,700,Forested,100
642,Helsinki,Sri Lankan Restaurant,Sri Lankan,100,Resort,700,Artistic,100
643,Helsinki,Vietenamese Restaurant,Vietenamese,100,Cabin,200,Lakeside,100
644,Turku,Indian Restaurant,Indian,100,Resort,400,Religious,100
645,Helsinki,Greek Restaurant,Greek,100,TreeHouse,500,Artistic,100
646,Turku,Indonesian Restaurant,Indonesian,100,Lodge,200,Artistic,100
647,Helsinki,Mexican Restaurant,Mexican,100,Apartment,800,City,100
648,Helsinki,Vietenamese Restaurant,Vietenamese,100,Hostel,200,Sporting Evets,100
649,Helsinki,Spanish Restaurant,Spanish,100,Cabin,400,Countryside,100
650,Helsinki,Swedish Restaurant,Swedish,100,Cabin,200,Religious,100
651,Turku,Finnish Restaurant,Finnish,100,Lodge,400,Artistic,100
652,Helsinki,Turkish Restaurant,Turkish,100,Inn,800,City,100
653,Turku,Japanese Restaurant,Japanese,100,Inn,200,Sporting Evets,100
654,Turku,Japanese Restaurant,Japanese,100,Hotel,600,Lakeside,100
655,Helsinki,Australian Restaurant,Australian,100,Inn,600,Musuem,100
656,Turku,Swedish Restaurant,Swedish,100,Inn,100,Entertainment,100
657,Helsinki,Sri Lankan Restaurant,Sri Lankan,100,Resort,500,Military,100
658,Turku,Brazilian Restaurant,Brazilian,100,Apartment,200,Forested,100
659,Helsinki,Moroccan Restaurant,Moroccan,100,Guesthouse,200,Cultural,100
660,Turku,Greek Restaurant,Greek,100,Hostel,300,Religious,100
661,Turku,Australian Restaurant,Australian,100,Inn,200,Beach,100
662,Turku,Spanish Restaurant,Spanish,100,Cabin,200,Forested,100
663,Helsinki,Sri Lankan Restaurant,Sri Lankan,100,Airbnb,600,Forested,100
664,Helsinki,Brazilian Restaurant,Brazilian,100,Cabin,1000,Mountains,100
665,Helsinki,Sri Lankan Restaurant,Sri Lankan,100,Hotel,900,Beach,100
666,Helsinki,Malaysian Restaurant,Malaysian,100,Guesthouse,500,Beach,100
667,Helsinki,Russian Restaurant,Russian,100,Lodge,700,Lakeside,100
668,Helsinki,Malaysian Restaurant,Malaysian,100,Airbnb,400,Mountains,100
669,Turku,Korean Restaurant,Korean,100,Apartment,500,Musuem,100
670,Turku,Indian Restaurant,Indian,100,Cabin,800,City,100
671,Turku,Mexican Restaurant,Mexican,100,Hotel,300,City,100
672,Turku,Mexican Restaurant,Mexican,100,Inn,300,Artistic,100
673,Helsinki,Finnish Restaurant,Finnish,100,Hostel,200,City,100
674,Helsinki,Mexican Restaurant,Mexican,100,Lodge,700,Mountains,100
675,Helsinki,Spanish Restaurant,Spanish,100,Lodge,500,Desert,100
676,Turku,Russian Restaurant,Russian,100,Hostel,400,City,100
677,Turku,Moroccan Restaurant,Moroccan,100,Hotel,200,Mountains,100
678,Turku,Russian Restaurant,Russian,100,Apartment,600,Historical,100
679,Turku,Indonesian Restaurant,Indonesian,100,Cabin,200,Forested,100
680,Helsinki,Greek Restaurant,Greek,100,Lodge,600,Desert,100
681,Turku,Sri Lankan Restaurant,Sri Lankan,100,Airbnb,200,Military,100
682,Helsinki,Greek Restaurant,Greek,100,Airbnb,400,Island,100
683,Turku,Japanese Restaurant,Japanese,100,Guesthouse,500,Music,100
684,Turku,Thai Restaurant,Thai,100,Inn,1000,Forested,100
685,Turku,Ithiopian Restaurant,Ithiopian,100,Inn,500,Religious,100
686,Turku,Thai Restaurant,Thai,100,Airbnb,200,Beach,100
687,Helsinki,Jamaican Restaurant,Jamaican,100,Resort,700,Artistic,100
688,Turku,Greek Restaurant,Greek,100,Cabin,300,Countryside,100
689,Turku,Greek Restaurant,Greek,100,Hotel,400,Mountains,100
690,Helsinki,Italian Restaurant,Italian,100,Guesthouse,1000,Religious,100
691,Turku,Swedish Restaurant,Swedish,100,Lodge,800,Lakeside,100
692,Helsinki,Mexican Restaurant,Mexican,100,Cabin,1000,Military,100
693,Turku,Indonesian Restaurant,Indonesian,100,Cabin,600,City,100
694,Helsinki,Thai Restaurant,Thai,100,Resort,700,Religious,100
695,Turku,Vietenamese Restaurant,Vietenamese,100,Airbnb,400,Mountains,100
696,Helsinki,German Restaurant,German,100,Resort,800,Artistic,100
697,Turku,Italian Restaurant,Italian,100,Apartment,300,Mountains,100
698,Turku,Filipino Restaurant,Filipino,100,Lodge,600,Forested,100
699,Turku,Filipino Restaurant,Filipino,100,Airbnb,500,Countryside,100
700,Turku,Italian Restaurant,Italian,100,Inn,700,City,100
701,Helsinki,Malaysian Restaurant,Malaysian,100,Hotel,200,Music,100
702,Turku,Sri Lankan Restaurant,Sri Lankan,100,Airbnb,400,Entertainment,100
703,Helsinki,Bangladesi Restaurant,Bangladesi,100,Apartment,600,Sporting Evets,100
704,Turku,Finnish Restaurant,Finnish,100,Cabin,800,Forested,100
705,Helsinki,Italian Restaurant,Italian,100,Apartment,200,Mountains,100
706,Helsinki,Russian Restaurant,Russian,100,Resort,500,Religious,100
707,Turku,Malaysian Restaurant,Malaysian,100,Inn,500,Sporting Evets,100
708,Helsinki,Filipino Restaurant,Filipino,100,Resort,900,Cultural,100
709,Helsinki,Turkish Restaurant,Turkish,100,Apartment,900,Religious,100
710,Turku,Bangladesi Restaurant,Bangladesi,100,Cabin,300,Beach,100
711,Helsinki,Indian Restaurant,Indian,100,Cabin,1000,Beach,100
712,Helsinki,Moroccan Restaurant,Moroccan,100,Cabin,200,Religious,100
713,Turku,Ithiopian Restaurant,Ithiopian,100,Cabin,400,Island,100
714,Helsinki,Indonesian Restaurant,Indonesian,100,Airbnb,900,Religious,100
715,Turku,Italian Restaurant,Italian,100,TreeHouse,600,Forested,100
716,Helsinki,Malaysian Restaurant,Malaysian,100,Resort,900,City,100
717,Turku,Moroccan Restaurant,Moroccan,100,Inn,700,Historical,100
718,Helsinki,Indian Restaurant,Indian,100,Inn,400,Cultural,100
719,Turku,Mexican Restaurant,Mexican,100,Airbnb,400,Artistic,100
720,Turku,Italian Restaurant,Italian,100,Resort,200,Desert,100
721,Turku,Indian Restaurant,Indian,100,Airbnb,700,Cultural,100
722,Turku,Thai Restaurant,Thai,100,Lodge,1000,Lakeside,100
723,Turku,German Restaurant,German,100,Inn,800,Music,100
724,Helsinki,Spanish Restaurant,Spanish,100,Cabin,1000,Military,100
725,Turku,Malaysian Restaurant,Malaysian,100,Guesthouse,500,Desert,100
726,Turku,Chinese Restaurant,Chinese,100,Cabin,500,Countryside,100
727,Helsinki,Russian Restaurant,Russian,100,Cabin,900,Countryside,100
728,Helsinki,Japanese Restaurant,Japanese,100,Inn,700,Island,100
729,Turku,Australian Restaurant,Australian,100,TreeHouse,200,Entertainment,100
730,Helsinki,Italian Restaurant,Italian,100,Lodge,200,Entertainment,100
731,Turku,Moroccan Restaurant,Moroccan,100,Hotel,800,Sporting Evets,100
732,Helsinki,Swedish Restaurant,Swedish,100,Cabin,300,Historical,100
733,Turku,Thai Restaurant,Thai,100,Cabin,200,Religious,100
734,Turku,Indonesian Restaurant,Indonesian,100,Cabin,200,Artistic,100
735,Helsinki,Korean Restaurant,Korean,100,Inn,300,Cultural,100
736,Helsinki,Jamaican Restaurant,Jamaican,100,Lodge,900,City,100
737,Turku,Russian Restaurant,Russian,100,Lodge,500,Music,100
738,Turku,Indian Restaurant,Indian,100,Hotel,400,Entertainment,100
739,Helsinki,Swedish Restaurant,Swedish,100,Lodge,100,Desert,100
740,Helsinki,Korean Restaurant,Korean,100,Lodge,300,Countryside,100
741,Helsinki,Mexican Restaurant,Mexican,100,Resort,300,Forested,100
742,Turku,Bangladesi Restaurant,Bangladesi,100,Apartment,200,Cultural,100
743,Turku,Malaysian Restaurant,Malaysian,100,Resort,400,Island,100
744,Helsinki,Indian Restaurant,Indian,100,TreeHouse,600,Military,100
745,Turku,Italian Restaurant,Italian,100,Guesthouse,400,Desert,100
746,Turku,Malaysian Restaurant,Malaysian,100,Airbnb,800,Mountains,100
747,Helsinki,Australian Restaurant,Australian,100,Resort,300,Artistic,100
748,Helsinki,Greek Restaurant,Greek,100,Cabin,1000,Lakeside,100
749,Helsinki,Brazilian Restaurant,Brazilian,100,Resort,900,Religious,100
750,Helsinki,Hawaiian Restaurant,Hawaiian,100,TreeHouse,500,Sporting Evets,100
751,Helsinki,Turkish Restaurant,Turkish,100,Hotel,800,Sporting Evets,100
752,Turku,German Restaurant,German,100,Lodge,200,Mountains,100
753,Helsinki,Ithiopian Restaurant,Ithiopian,100,Lodge,600,Entertainment,100
754,Helsinki,Hawaiian Restaurant,Hawaiian,100,Guesthouse,500,Cultural,100
755,Helsinki,Spanish Restaurant,Spanish,100,Apartment,200,Forested,100
756,Helsinki,Mexican Restaurant,Mexican,100,Airbnb,200,Cultural,100
757,Turku,Hawaiian Restaurant,Hawaiian,100,Hotel,300,Island,100
758,Helsinki,Vietenamese Restaurant,Vietenamese,100,Hotel,1000,Entertainment,100
759,Turku,Filipino Restaurant,Filipino,100,Airbnb,600,Beach,100
760,Helsinki,Japanese Restaurant,Japanese,100,Airbnb,800,Desert,100
761,Helsinki,Australian Restaurant,Australian,100,Inn,1000,Desert,100
762,Turku,Swedish Restaurant,Swedish,100,Cabin,1000,Forested,100
763,Turku,Thai Restaurant,Thai,100,Inn,1000,Religious,100
764,Turku,Indonesian Restaurant,Indonesian,100,Cabin,200,Beach,100
765,Turku,Thai Restaurant,Thai,100,Inn,600,Forested,100
766,Helsinki,Indonesian Restaurant,Indonesian,100,Airbnb,300,Desert,100
767,Turku,Russian Restaurant,Russian,100,Lodge,400,Musuem,100
768,Helsinki,Australian Restaurant,Australian,100,Resort,600,Entertainment,100
769,Turku,Sri Lankan Restaurant,Sri Lankan,100,Guesthouse,600,Artistic,100
770,Turku,Hawaiian Restaurant,Hawaiian,100,Hostel,700,Entertainment,100
771,Helsinki,Sri Lankan Restaurant,Sri Lankan,100,Lodge,500,Mountains,100
772,Turku,Australian Restaurant,Australian,100,Cabin,800,Forested,100
773,Turku,German Restaurant,German,100,TreeHouse,500,Religious,100
774,Turku,Brazilian Restaurant,Brazilian,100,Hostel,800,City,100
775,Turku,Thai Restaurant,Thai,100,Inn,500,City,100
776,Turku,Moroccan Restaurant,Moroccan,100,Lodge,600,Beach,100
777,Helsinki,Jamaican Restaurant,Jamaican,100,Inn,1000,Island,100
778,Turku,Moroccan Restaurant,Moroccan,100,Hotel,1000,City,100
779,Helsinki,Hawaiian Restaurant,Hawaiian,100,Hostel,100,Forested,100
780,Helsinki,Japanese Restaurant,Japanese,100,Inn,300,Entertainment,100
781,Turku,Greek Restaurant,Greek,100,Hotel,700,Desert,100
782,Helsinki,Vietenamese Restaurant,Vietenamese,100,Apartment,200,City,100
783,Turku,Turkish Restaurant,Turkish,100,Inn,700,Island,100
784,Helsinki,Swedish Restaurant,Swedish,100,Apartment,400,Military,100
785,Helsinki,Swedish Restaurant,Swedish,100,Lodge,900,Military,100
786,Helsinki,Finnish Restaurant,Finnish,100,Airbnb,400,Lakeside,100
787,Helsinki,Filipino Restaurant,Filipino,100,Hostel,300,Military,100
788,Turku,Finnish Restaurant,Finnish,100,Lodge,800,Religious,100
789,Turku,Indian Restaurant,Indian,100,TreeHouse,1000,Island,100
790,Turku,Greek Restaurant,Greek,100,Cabin,600,City,100
791,Turku,Chinese Restaurant,Chinese,100,Cabin,900,Cultural,100
792,Helsinki,Thai Restaurant,Thai,100,Apartment,400,Historical,100
793,Turku,Vietenamese Restaurant,Vietenamese,100,Airbnb,1000,City,100
794,Helsinki,Ithiopian Restaurant,Ithiopian,100,TreeHouse,400,Mountains,100
795,Turku,Korean Restaurant,Korean,100,TreeHouse,300,Desert,100
796,Helsinki,Ithiopian Restaurant,Ithiopian,100,Cabin,800,Desert,100
797,Helsinki,Australian Restaurant,Australian,100,Hostel,900,Lakeside,100
798,Helsinki,Spanish Restaurant,Spanish,100,Cabin,500,Musuem,100
799,Turku,Turkish Restaurant,Turkish,100,Lodge,1000,Desert,100
800,Helsinki,Sri Lankan Restaurant,Sri Lankan,100,Inn,800,Military,100
801,Helsinki,Spanish Restaurant,Spanish,100,TreeHouse,200,Mountains,100
802,Helsinki,Filipino Restaurant,Filipino,100,Guesthouse,300,Music,100
803,Helsinki,Ithiopian Restaurant,Ithiopian,100,Lodge,400,Artistic,100
804,Helsinki,Moroccan Restaurant,Moroccan,100,Lodge,400,Religious,100
805,Turku,Japanese Restaurant,Japanese,100,Lodge,1000,Sporting Evets,100
806,Turku,Brazilian Restaurant,Brazilian,100,Resort,300,Desert,100
807,Helsinki,Sri Lankan Restaurant,Sri Lankan,100,Hotel,900,Desert,100
808,Helsinki,Ithiopian Restaurant,Ithiopian,100,Guesthouse,400,Sporting Evets,100
809,Helsinki,Australian Restaurant,Australian,100,TreeHouse,900,Mountains,100
810,Helsinki,Moroccan Restaurant,Moroccan,100,Hotel,300,Island,100
811,Helsinki,Australian Restaurant,Australian,100,Resort,1000,Cultural,100
812,Helsinki,Moroccan Restaurant,Moroccan,100,Apartment,700,Military,100
813,Turku,Italian Restaurant,Italian,100,Cabin,800,City,100
814,Turku,Indonesian Restaurant,Indonesian,100,Airbnb,900,Beach,100
815,Turku,Ithiopian Restaurant,Ithiopian,100,Inn,900,Beach,100
816,Helsinki,Jamaican Restaurant,Jamaican,100,Airbnb,800,Forested,100
817,Helsinki,Vietenamese Restaurant,Vietenamese,100,Cabin,200,City,100
818,Helsinki,Spanish Restaurant,Spanish,100,Cabin,900,Lakeside,100
819,Helsinki,Malaysian Restaurant,Malaysian,100,Guesthouse,800,Military,100
820,Helsinki,Greek Restaurant,Greek,100,Cabin,600,Cultural,100
821,Turku,Bangladesi Restaurant,Bangladesi,100,Hostel,700,City,100
822,Helsinki,Indian Restaurant,Indian,100,Resort,900,Entertainment,100
823,Turku,Vietenamese Restaurant,Vietenamese,100,Resort,600,Lakeside,100
824,Turku,Filipino Restaurant,Filipino,100,Guesthouse,900,Entertainment,100
825,Helsinki,Ithiopian Restaurant,Ithiopian,100,Hotel,400,Historical,100
826,Helsinki,Spanish Restaurant,Spanish,100,Apartment,200,Desert,100
827,Helsinki,Australian Restaurant,Australian,100,Hostel,800,Desert,100
828,Turku,German Restaurant,German,100,Airbnb,200,Religious,100
829,Turku,Australian Restaurant,Australian,100,Guesthouse,200,Music,100
830,Turku,Vietenamese Restaurant,Vietenamese,100,Cabin,100,Forested,100
831,Turku,Moroccan Restaurant,Moroccan,100,Hostel,600,Island,100
832,Helsinki,Swedish Restaurant,Swedish,100,Airbnb,500,Artistic,100
833,Helsinki,Greek Restaurant,Greek,100,Cabin,800,Mountains,100
834,Turku,Vietenamese Restaurant,Vietenamese,100,Apartment,200,Musuem,100
835,Turku,Indian Restaurant,Indian,100,Cabin,700,Religious,100
836,Turku,Chinese Restaurant,Chinese,100,Hotel,1000,Sporting Evets,100
837,Turku,Korean Restaurant,Korean,100,Guesthouse,900,Cultural,100
838,Helsinki,Vietenamese Restaurant,Vietenamese,100,Hostel,700,Historical,100
839,Turku,Spanish Restaurant,Spanish,100,Airbnb,900,Desert,100
840,Helsinki,Jamaican Restaurant,Jamaican,100,Airbnb,300,Entertainment,100
841,Turku,Spanish Restaurant,Spanish,100,Inn,900,Lakeside,100
842,Helsinki,Mexican Restaurant,Mexican,100,Cabin,1000,Artistic,100
843,Turku,Brazilian Restaurant,Brazilian,100,Lodge,900,Countryside,100
844,Turku,Indonesian Restaurant,Indonesian,100,Lodge,800,Military,100
845,Turku,Filipino Restaurant,Filipino,100,Airbnb,900,Religious,100
846,Turku,Bangladesi Restaurant,Bangladesi,100,Resort,700,Island,100
847,Turku,Vietenamese Restaurant,Vietenamese,100,Airbnb,800,Military,100
848,Helsinki,Jamaican Restaurant,Jamaican,100,Cabin,300,Sporting Evets,100
849,Turku,Vietenamese Restaurant,Vietenamese,100,Cabin,300,Beach,100
850,Turku,German Restaurant,German,100,Airbnb,400,Historical,100
851,Turku,Swedish Restaurant,Swedish,100,Guesthouse,800,Mountains,100
852,Turku,Australian Restaurant,Australian,100,Guesthouse,800,Countryside,100
853,Helsinki,Mexican Restaurant,Mexican,100,Cabin,600,Entertainment,100
854,Turku,Japanese Restaurant,Japanese,100,Inn,100,Island,100
855,Turku,Chinese Restaurant,Chinese,100,Apartment,800,City,100
856,Helsinki,Bangladesi Restaurant,Bangladesi,100,Hotel,800,Historical,100
857,Turku,Italian Restaurant,Italian,100,Hostel,100,Religious,100
858,Turku,Brazilian Restaurant,Brazilian,100,Inn,400,Lakeside,100
859,Helsinki,Bangladesi Restaurant,Bangladesi,100,Cabin,500,Mountains,100
860,Helsinki,Finnish Restaurant,Finnish,100,TreeHouse,300,Historical,100
861,Helsinki,Malaysian Restaurant,Malaysian,100,Guesthouse,300,Island,100
862,Helsinki,Moroccan Restaurant,Moroccan,100,Airbnb,300,Beach,100
863,Turku,Swedish Restaurant,Swedish,100,Hotel,500,City,100
864,Turku,Mexican Restaurant,Mexican,100,Apartment,200,Military,100
865,Turku,Thai Restaurant,Thai,100,Cabin,900,Cultural,100
866,Helsinki,Indian Restaurant,Indian,100,Hostel,300,Beach,100
867,Turku,Thai Restaurant,Thai,100,Airbnb,200,Island,100
868,Turku,Mexican Restaurant,Mexican,100,Apartment,800,Cultural,100
869,Helsinki,German Restaurant,German,100,Guesthouse,800,Forested,100
870,Helsinki,Indonesian Restaurant,Indonesian,100,Lodge,1000,Historical,100
871,Helsinki,Italian Restaurant,Italian,100,Cabin,400,Forested,100
872,Helsinki,Filipino Restaurant,Filipino,100,Airbnb,1000,Artistic,100
873,Helsinki,Mexican Restaurant,Mexican,100,Airbnb,1000,Cultural,100
874,Turku,Filipino Restaurant,Filipino,100,Cabin,500,Lakeside,100
875,Turku,Jamaican Restaurant,Jamaican,100,Lodge,1000,Desert,100
876,Helsinki,Russian Restaurant,Russian,100,Hostel,700,Sporting Evets,100
877,Turku,Greek Restaurant,Greek,100,Cabin,200,Mountains,100
878,Helsinki,Filipino Restaurant,Filipino,100,Hostel,500,Historical,100
879,Turku,Italian Restaurant,Italian,100,Hostel,200,Musuem,100
880,Turku,Hawaiian Restaurant,Hawaiian,100,Cabin,600,Mountains,100
881,Turku,Bangladesi Restaurant,Bangladesi,100,Apartment,700,Island,100
882,Turku,Indonesian Restaurant,Indonesian,100,Hotel,900,Island,100
883,Helsinki,Filipino Restaurant,Filipino,100,Lodge,500,Music,100
884,Helsinki,Sri Lankan Restaurant,Sri Lankan,100,Cabin,900,Beach,100
885,Turku,Vietenamese Restaurant,Vietenamese,100,TreeHouse,800,Island,100
886,Helsinki,Mexican Restaurant,Mexican,100,TreeHouse,400,Religious,100
887,Helsinki,Sri Lankan Restaurant,Sri Lankan,100,Resort,800,Island,100
888,Helsinki,Filipino Restaurant,Filipino,100,Apartment,1000,Music,100
889,Helsinki,Ithiopian Restaurant,Ithiopian,100,Hostel,600,City,100
890,Turku,German Restaurant,German,100,Inn,600,Forested,100
891,Helsinki,Moroccan Restaurant,Moroccan,100,TreeHouse,200,Entertainment,100
892,Turku,Hawaiian Restaurant,Hawaiian,100,Guesthouse,600,Entertainment,100
893,Turku,Swedish Restaurant,Swedish,100,Resort,600,Mountains,100
894,Turku,Spanish Restaurant,Spanish,100,Guesthouse,1000,Cultural,100
895,Helsinki,Chinese Restaurant,Chinese,100,Inn,900,Countryside,100
896,Helsinki,Italian Restaurant,Italian,100,Cabin,900,Entertainment,100
897,Helsinki,German Restaurant,German,100,Apartment,700,Religious,100
898,Turku,Filipino Restaurant,Filipino,100,Cabin,400,Music,100
899,Turku,Finnish Restaurant,Finnish,100,Cabin,200,Island,100
900,Turku,Brazilian Restaurant,Brazilian,100,Apartment,200,Beach,100
901,Helsinki,Italian Restaurant,Italian,100,Hotel,1000,Historical,100
902,Helsinki,Jamaican Restaurant,Jamaican,100,TreeHouse,300,Desert,100
903,Helsinki,Indonesian Restaurant,Indonesian,100,Cabin,900,Cultural,100
904,Turku,Japanese Restaurant,Japanese,100,Hotel,800,Cultural,100
905,Helsinki,Indian Restaurant,Indian,100,Airbnb,400,Countryside,100
906,Helsinki,Sri Lankan Restaurant,Sri Lankan,100,Cabin,300,Sporting Evets,100
907,Turku,Sri Lankan Restaurant,Sri Lankan,100,Cabin,200,Countryside,100
908,Turku,Korean Restaurant,Korean,100,Cabin,700,Mountains,100
909,Turku,Filipino Restaurant,Filipino,100,Inn,1000,Music,100
910,Helsinki,Australian Restaurant,Australian,100,Hostel,600,Musuem,100
911,Turku,German Restaurant,German,100,Hotel,600,Military,100
912,Helsinki,Finnish Restaurant,Finnish,100,Resort,700,Musuem,100
913,Turku,Sri Lankan Restaurant,Sri Lankan,100,Hostel,200,Musuem,100
914,Turku,Brazilian Restaurant,Brazilian,100,TreeHouse,800,Music,100
915,Turku,Australian Restaurant,Australian,100,Apartment,100,Mountains,100
916,Turku,German Restaurant,German,100,Airbnb,900,Beach,100
917,Turku,Swedish Restaurant,Swedish,100,Inn,600,Military,100
918,Turku,Indian Restaurant,Indian,100,Cabin,700,Artistic,100
919,Turku,Italian Restaurant,Italian,100,Hostel,800,Entertainment,100
920,Helsinki,Indonesian Restaurant,Indonesian,100,Lodge,600,Desert,100
921,Helsinki,Korean Restaurant,Korean,100,Hotel,200,Countryside,100
922,Helsinki,Thai Restaurant,Thai,100,Cabin,700,Historical,100
923,Helsinki,Bangladesi Restaurant,Bangladesi,100,Resort,500,Countryside,100
924,Helsinki,Malaysian Restaurant,Malaysian,100,TreeHouse,500,Island,100
925,Helsinki,Russian Restaurant,Russian,100,Airbnb,800,Cultural,100
926,Helsinki,Italian Restaurant,Italian,100,Hotel,700,Religious,100
927,Turku,Moroccan Restaurant,Moroccan,100,Inn,200,Lakeside,100
928,Turku,Sri Lankan Restaurant,Sri Lankan,100,Airbnb,100,Countryside,100
929,Helsinki,Australian Restaurant,Australian,100,Apartment,1000,Cultural,100
930,Turku,Vietenamese Restaurant,Vietenamese,100,Airbnb,300,Artistic,100
931,Helsinki,Chinese Restaurant,Chinese,100,Lodge,500,Artistic,100
932,Helsinki,Hawaiian Restaurant,Hawaiian,100,Cabin,500,Mountains,100
933,Helsinki,Sri Lankan Restaurant,Sri Lankan,100,Cabin,300,Mountains,100
934,Turku,Australian Restaurant,Australian,100,Guesthouse,500,Entertainment,100
935,Helsinki,Jamaican Restaurant,Jamaican,100,Cabin,100,Musuem,100
936,Turku,Mexican Restaurant,Mexican,100,Guesthouse,900,City,100
937,Helsinki,Indian Restaurant,Indian,100,TreeHouse,300,Artistic,100
938,Helsinki,Bangladesi Restaurant,Bangladesi,100,Apartment,1000,Historical,100
939,Turku,Ithiopian Restaurant,Ithiopian,100,Lodge,200,Sporting Evets,100
940,Helsinki,Korean Restaurant,Korean,100,Hotel,800,Desert,100
941,Turku,Swedish Restaurant,Swedish,100,Lodge,200,Countryside,100
942,Helsinki,Brazilian Restaurant,Brazilian,100,Cabin,200,Historical,100
943,Helsinki,Indian Restaurant,Indian,100,Hostel,800,Mountains,100
944,Helsinki,Spanish Restaurant,Spanish,100,Cabin,1000,Religious,100
945,Turku,Russian Restaurant,Russian,100,Guesthouse,900,Religious,100
946,Helsinki,Australian Restaurant,Australian,100,Airbnb,500,Desert,100
947,Turku,Australian Restaurant,Australian,100,Hostel,800,Desert,100
948,Turku,Turkish Restaurant,Turkish,100,Hotel,900,Musuem,100
949,Turku,Filipino Restaurant,Filipino,100,Airbnb,800,Cultural,100
950,Helsinki,Japanese Restaurant,Japanese,100,Lodge,500,Artistic,100
951,Helsinki,Jamaican Restaurant,Jamaican,100,Airbnb,400,Mountains,100
952,Turku,Indian Restaurant,Indian,100,Lodge,200,Desert,100
953,Helsinki,Italian Restaurant,Italian,100,Resort,1000,Entertainment,100
954,Helsinki,Spanish Restaurant,Spanish,100,Hostel,300,Artistic,100
955,Turku,Korean Restaurant,Korean,100,Hostel,1000,City,100
956,Helsinki,Chinese Restaurant,Chinese,100,Hostel,300,Desert,100
957,Helsinki,Spanish Restaurant,Spanish,100,Inn,200,Military,100
958,Turku,German Restaurant,German,100,Cabin,1000,Musuem,100
959,Helsinki,Chinese Restaurant,Chinese,100,Apartment,800,Entertainment,100
960,Turku,Thai Restaurant,Thai,100,Resort,500,Music,100
961,Turku,Brazilian Restaurant,Brazilian,100,Inn,300,Lakeside,100
962,Helsinki,Chinese Restaurant,Chinese,100,Inn,200,Forested,100
963,Helsinki,Spanish Restaurant,Spanish,100,Inn,300,Artistic,100
964,Turku,Chinese Restaurant,Chinese,100,Hotel,500,Historical,100
965,Turku,Jamaican Restaurant,Jamaican,100,TreeHouse,500,Artistic,100
966,Turku,Turkish Restaurant,Turkish,100,Cabin,300,Historical,100
967,Helsinki,Jamaican Restaurant,Jamaican,100,Apartment,1000,Lakeside,100
968,Helsinki,Sri Lankan Restaurant,Sri Lankan,100,Cabin,1000,Lakeside,100
969,Turku,Indonesian Restaurant,Indonesian,100,Lodge,600,Music,100
970,Turku,Jamaican Restaurant,Jamaican,100,Airbnb,100,Lakeside,100
971,Helsinki,Filipino Restaurant,Filipino,100,Apartment,300,Artistic,100
972,Turku,Thai Restaurant,Thai,100,Resort,200,Lakeside,100
973,Helsinki,Indian Restaurant,Indian,100,Lodge,700,Cultural,100
974,Helsinki,Indonesian Restaurant,Indonesian,100,Apartment,200,Forested,100
975,Helsinki,Spanish Restaurant,Spanish,100,Lodge,700,Countryside,100
976,Turku,Indonesian Restaurant,Indonesian,100,TreeHouse,400,Religious,100
977,Turku,Russian Restaurant,Russian,100,Guesthouse,200,Religious,100
978,Helsinki,Indian Restaurant,Indian,100,Airbnb,600,Cultural,100
979,Turku,Italian Restaurant,Italian,100,Guesthouse,400,Entertainment,100
980,Helsinki,Turkish Restaurant,Turkish,100,Resort,200,Entertainment,100
981,Turku,Korean Restaurant,Korean,100,Cabin,800,Music,100
982,Helsinki,Malaysian Restaurant,Malaysian,100,Guesthouse,100,Religious,100
983,Helsinki,Chinese Restaurant,Chinese,100,Apartment,400,Mountains,100
984,Turku,Indian Restaurant,Indian,100,Apartment,800,Cultural,100
985,Turku,Mexican Restaurant,Mexican,100,Lodge,100,Cultural,100
986,Turku,Greek Restaurant,Greek,100,Guesthouse,900,Beach,100
987,Helsinki,Russian Restaurant,Russian,100,Inn,700,Lakeside,100
988,Turku,Australian Restaurant,Australian,100,TreeHouse,900,Forested,100
989,Helsinki,German Restaurant,German,100,Hostel,200,Countryside,100
990,Helsinki,Chinese Restaurant,Chinese,100,TreeHouse,400,Entertainment,100
991,Helsinki,Malaysian Restaurant,Malaysian,100,Guesthouse,400,Music,100
992,Helsinki,Chinese Restaurant,Chinese,100,Resort,700,Island,100
993,Helsinki,Turkish Restaurant,Turkish,100,Guesthouse,700,Countryside,100
994,Turku,Jamaican Restaurant,Jamaican,100,Hotel,400,Religious,100
995,Helsinki,Chinese Restaurant,Chinese,100,Guesthouse,1000,Lakeside,100
996,Turku,Italian Restaurant,Italian,100,Cabin,200,Island,100
997,Helsinki,Japanese Restaurant,Japanese,100,Hotel,500,Mountains,100
998,Turku,Sri Lankan Restaurant,Sri Lankan,100,Apartment,100,Musuem,100
999,Helsinki,Bangladesi Restaurant,Bangladesi,100,Airbnb,400,Cultural,100
1000,Helsinki,Filipino Restaurant,Filipino,100,Resort,1000,Cultural,100
